{"intents":[{"name":"BookCar","samples":["Book a car","Reserve a car","Make a car reservation"],"slots":[{"name":"CarType","type":"CarTypeValues","samples":[]},{"name":"DriverAge","type":"AMAZON.NUMBER","samples":[]},{"name":"PickUpCity","type":"AMAZON.US_CITY","samples":[]},{"name":"PickUpDate","type":"AMAZON.DATE","samples":[]},{"name":"ReturnDate","type":"AMAZON.DATE","samples":[]}]},{"name":"BookHotel","samples":["Book a hotel","I want a make hotel reservations","Book a {Nights} night stay in {Location}"],"slots":[{"name":"CheckInDate","type":"AMAZON.DATE","samples":[]},{"name":"Location","type":"AMAZON.US_CITY","samples":[]},{"name":"Nights","type":"AMAZON.NUMBER","samples":[]},{"name":"RoomType","type":"RoomTypeValues","samples":[]}]}],"types":[{"name":"RoomTypeValues","values":[{"name":{"value":"deluxe","synonyms":[]}},{"name":{"value":"queen","synonyms":[]}},{"name":{"value":"king","synonyms":[]}}]},{"name":"CarTypeValues","values":[{"name":{"value":"standard","synonyms":[]}},{"name":{"value":"full size","synonyms":[]}},{"name":{"value":"midsize","synonyms":[]}},{"name":{"value":"luxury","synonyms":[]}},{"name":{"value":"economy","synonyms":[]}},{"name":{"value":"minivan","synonyms":[]}}]}],"prompts":[{"id":"Confirm.Intent-BookCar","promptVersion":"1.0","definitionVersion":"1.0","variations":[{"type":"PlainText","value":"Okay, I have you down for a {CarType} rental in {PickUpCity} from {PickUpDate} to {ReturnDate}.  Should I book the reservation?"},{"type":"PlainText","value":"The price of this {CarType} rental in {PickUpCity} from {PickUpDate} to {ReturnDate} is [currentReservationPrice] dollars.  Shall I book the reservation?"}]},{"id":"Elicit.Intent-BookCar.IntentSlot-CarType","promptVersion":"1.0","definitionVersion":"1.0","variations":[{"type":"PlainText","value":"What type of car would you like to rent?  Our most popular options are economy, midsize, and luxury"}]},{"id":"Elicit.Intent-BookCar.IntentSlot-DriverAge","promptVersion":"1.0","definitionVersion":"1.0","variations":[{"type":"PlainText","value":"How old is the driver for this rental?"}]},{"id":"Elicit.Intent-BookCar.IntentSlot-PickUpCity","promptVersion":"1.0","definitionVersion":"1.0","variations":[{"type":"PlainText","value":"In what city do you need to rent a car?"}]},{"id":"Elicit.Intent-BookCar.IntentSlot-PickUpDate","promptVersion":"1.0","definitionVersion":"1.0","variations":[{"type":"PlainText","value":"What day do you want to start your rental?"}]},{"id":"Elicit.Intent-BookCar.IntentSlot-ReturnDate","promptVersion":"1.0","definitionVersion":"1.0","variations":[{"type":"PlainText","value":"What day do you want to return the car?"}]},{"id":"Confirm.Intent-BookHotel","promptVersion":"1.0","definitionVersion":"1.0","variations":[{"type":"PlainText","value":"Okay, I have you down for a {Nights} night stay in {Location} starting {CheckInDate}.  Shall I book the reservation?"},{"type":"PlainText","value":"The price of this {Nights} night stay in {Location} from {CheckInDate} is [currentReservationPrice] dollars.  Shall I book the reservation?"}]},{"id":"Elicit.Intent-BookHotel.IntentSlot-CheckInDate","promptVersion":"1.0","definitionVersion":"1.0","variations":[{"type":"PlainText","value":"What day do you want to check in?"}]},{"id":"Elicit.Intent-BookHotel.IntentSlot-Location","promptVersion":"1.0","definitionVersion":"1.0","variations":[{"type":"PlainText","value":"What city will you be staying in?"}]},{"id":"Elicit.Intent-BookHotel.IntentSlot-Nights","promptVersion":"1.0","definitionVersion":"1.0","variations":[{"type":"PlainText","value":"How many nights will you be staying?"}]},{"id":"Elicit.Intent-BookHotel.IntentSlot-RoomType","promptVersion":"1.0","definitionVersion":"1.0","variations":[{"type":"PlainText","value":"What type of room would you like, queen, king or deluxe?"}]}],"dialog":{"version":"1.0","intents":[{"name":"BookCar","confirmationRequired":true,"prompts":{"confirm":"Confirm.Intent-BookCar"},"slots":[{"name":"CarType","type":"CarTypeValues","elicitationRequired":true,"confirmationRequired":false,"prompts":{"elicit":"Elicit.Intent-BookCar.IntentSlot-CarType"}},{"name":"DriverAge","type":"AMAZON.NUMBER","elicitationRequired":true,"confirmationRequired":false,"prompts":{"elicit":"Elicit.Intent-BookCar.IntentSlot-DriverAge"}},{"name":"PickUpCity","type":"AMAZON.US_CITY","elicitationRequired":true,"confirmationRequired":false,"prompts":{"elicit":"Elicit.Intent-BookCar.IntentSlot-PickUpCity"}},{"name":"PickUpDate","type":"AMAZON.DATE","elicitationRequired":true,"confirmationRequired":false,"prompts":{"elicit":"Elicit.Intent-BookCar.IntentSlot-PickUpDate"}},{"name":"ReturnDate","type":"AMAZON.DATE","elicitationRequired":true,"confirmationRequired":false,"prompts":{"elicit":"Elicit.Intent-BookCar.IntentSlot-ReturnDate"}}]},{"name":"BookHotel","confirmationRequired":true,"prompts":{"confirm":"Confirm.Intent-BookHotel"},"slots":[{"name":"CheckInDate","type":"AMAZON.DATE","elicitationRequired":true,"confirmationRequired":false,"prompts":{"elicit":"Elicit.Intent-BookHotel.IntentSlot-CheckInDate"}},{"name":"Location","type":"AMAZON.US_CITY","elicitationRequired":true,"confirmationRequired":false,"prompts":{"elicit":"Elicit.Intent-BookHotel.IntentSlot-Location"}},{"name":"Nights","type":"AMAZON.NUMBER","elicitationRequired":true,"confirmationRequired":false,"prompts":{"elicit":"Elicit.Intent-BookHotel.IntentSlot-Nights"}},{"name":"RoomType","type":"RoomTypeValues","elicitationRequired":true,"confirmationRequired":false,"prompts":{"elicit":"Elicit.Intent-BookHotel.IntentSlot-RoomType"}}]}]}}